	cities	cloud	country	humidity	lat	long	max temp	temp	wind
0	Ishigaki	92	JP	100	24.34	124.16	295.055	295.055	4.1
1	Biasca	0	CH	31	46.36	8.97	283.15	283.15	1.0
2	Kontagora	0	NG	31	10.4	5.47	300.855	300.855	3.1
3	Urucui	56	BR	70	-7.23	-44.56	301.205	301.205	2.55
4	Muros	0	ES	62	42.77	-9.06	286.15	286.15	6.2
5	Horn Lake	75	US	72	34.96	-90.03	292.15	290.55	5.1
6	Lithakia	40	GR	58	37.72	20.83	287.15	287.15	3.1
7	Padang	44	ID	100	-0.92	100.36	300.255	300.255	3.15
8	Faya	5	SA	37	18.39	42.45	292.15	292.15	4.6
9	Henties Bay	0	NA	96	-22.12	14.28	291.38	291.38	2.05
10	Kodinsk	0	RU	53	58.6	99.18	261.08	261.08	2.75
11	Darhan	24	MN	52	49.49	105.92	261.755	261.755	2.4
12	Kassala	0	SD	41	15.45	36.38	295.13	295.13	1.25
13	Bonavista	20	CA	74	48.65	-53.11	276.38	276.38	8.0
14	Freeport	40	BS	73	26.54	-78.7	298.15	298.15	2.1
15	Bad Salzungen	0	DE	96	50.81	10.23	275.15	275.15	5.1
16	Torbay	75	CA	47	47.66	-52.73	276.15	276.15	10.3
17	Malinyi	88	TZ	99	-8.94	36.14	295.13	295.13	0.85
18	Le Moule	75	GP	69	16.33	-61.35	300.15	300.15	3.1
19	Mandalgovi	92	MN	73	45.76	106.27	272.98	272.98	7.4
20	Luderitz	0	NA	93	-26.65	15.16	290.15	290.15	5.1
21	Aksu	0	KZ	92	52.04	76.93	268.15	268.15	3.0
22	Karcag	0	HU	93	47.31	20.92	283.15	280.66	3.6
23	Santa Marta	75	CO	70	11.24	-74.21	304.15	304.15	3.1
24	Jamestown	0	AU	91	-33.21	138.6	280.98	280.98	2.4
25	Boa Vista	40	BR	28	2.82	-60.67	309.15	309.15	4.1
26	Havelock	1	US	27	34.88	-76.9	298.15	296.35	3.1
27	Hovd	40	NO	99	63.83	10.7	273.15	272.63	2.1
28	Ulaanbaatar	75	MN	56	47.92	106.92	264.15	264.15	4.0
29	Zhangye	0	CN	58	38.94	100.46	276.555	276.555	1.6
30	Miri	8	NG	37	10.31	9.75	297.105	297.105	2.65
31	Qianguo	8	CN	44	45.12	124.86	287.755	287.755	6.25
32	Agadez	32	NE	16	16.97	7.99	295.455	295.455	3.0
33	Hays	75	US	63	38.88	-99.33	274.15	272.93	5.7
34	Santa Flavia	92	CL	96	-51.55	-72.35	283.655	283.655	4.05
35	Milford	75	US	74	40.77	-97.05	273.15	271.16	2.05
36	Novara	0	IT	23	45.45	8.62	287.15	285.13	4.6
37	Kathu	24	ZA	79	-27.7	23.05	292.58	292.58	2.4
38	Arshan	0	YE	57	14.32	46.95	287.905	287.905	1.9
39	Funtua	0	NG	29	11.52	7.31	298.405	298.405	3.65
40	Cambridge	90	GB	100	52.2	0.12	278.15	277.73	2.45
41	Vetrisoaia	44	RO	61	46.43	28.21	283.13	283.13	4.3
42	Dymer	20	UA	76	50.78	30.31	284.15	283.5	10.0
43	Kulykiv	75	UA	99	49.98	24.08	274.15	274.15	8.0
44	Jinxiang	0	CN	90	35.07	116.31	287.505	287.505	3.8
45	Kavieng	24	PG	100	-2.57	150.8	302.405	302.405	5.25
46	Kovin	0	RS	81	44.74	20.98	281.15	280.48	1.5
47	Alepe	40	CI	79	5.5	-3.66	302.15	302.15	4.1
48	Slatina	44	HR	99	45.7	17.7	279.23	279.23	1.8
49	Taldan	24	RU	52	53.69	124.82	270.63	270.63	6.55
50	Ayan	48	TR	61	40.67	33.6	282.405	282.405	2.05
51	Hirara	32	JP	100	24.8	125.28	295.13	295.13	4.8
52	Valley Station	1	US	22	33.35	-86.77	299.15	299.15	3.6
53	Klyuchi	0	RU	77	52.25	79.17	260.805	260.805	1.45
54	Marawi	0	PH	95	8.0	124.29	289.755	289.755	1.05
55	Harsesti	0	RO	60	44.53	24.78	281.405	281.405	8.2
56	Misratah	24	LY	95	32.38	15.09	287.555	287.555	4.0
57	Korce	0	CZ	60	50.54	14.6	278.15	277.64	6.2
58	Hamilton	75	CA	47	43.26	-79.87	276.15	275.16	7.7
59	Great Bend	90	US	74	38.36	-98.78	272.15	271.88	6.7
60	Bopfingen	90	DE	100	48.86	10.35	279.15	277.55	4.1
61	Sudzha	80	RU	85	51.19	35.27	276.58	276.58	8.8
62	Bilari	0	IN	75	28.62	78.8	292.555	292.555	1.2
63	Alim	12	NG	68	7.18	7.33	300.755	300.755	5.65
64	Strezhevoy	0	RU	61	60.73	77.6	262.15	262.15	6.0
65	Ixtapa	5	MX	69	20.71	-105.21	300.15	300.15	5.1
66	Biu	0	NG	25	10.61	12.19	301.88	301.88	3.9
67	Chiscani	44	RO	87	45.18	27.93	283.15	283.15	5.1
68	San Jose	92	PH	100	15.79	120.99	294.155	294.155	0.7
69	Beipiao	0	CN	53	41.8	120.76	288.705	288.705	5.65
70	Dutse	0	NG	32	11.76	9.34	298.505	298.505	3.25
71	Wawa	0	NG	65	9.9	4.41	300.08	300.08	1.15
72	Chatham	75	CA	38	42.41	-82.19	278.15	276.97	7.2
73	Naron	0	ES	51	43.52	-8.15	288.15	288.15	4.1
74	Benxi	75	CN	66	41.29	123.76	286.15	286.15	3.0
75	Jalu	24	LY	29	29.03	21.55	291.155	291.155	1.85
76	Aboyne	20	GB	74	57.08	-2.78	276.15	276.15	5.1
77	Kamina	76	CD	91	-8.74	25.0	294.38	294.38	1.15
78	Harbin	0	CN	58	45.77	126.62	287.15	287.15	8.0
79	Zhuanghe	88	CN	93	39.7	122.97	278.255	278.255	4.45
80	Perama	40	GR	100	39.69	20.85	279.15	279.15	0.85
81	Cullera	0	ES	67	39.16	-0.25	287.15	287.15	3.1
82	Mahon	75	IE	93	51.89	-8.4	276.15	276.15	11.8
83	Smiths Falls	75	CA	32	44.9	-76.02	276.15	276.15	8.2
84	Ribeira Grande	75	PT	77	38.52	-28.7	290.15	290.15	10.3
85	Gat	0	SN	31	14.69	-16.54	299.255	299.255	5.85
86	Zonguldak	88	TR	70	41.25	31.83	284.63	284.63	0.85
87	Alcains	88	PT	74	39.92	-7.46	283.405	283.405	2.2
88	Lamu	64	ID	100	0.57	122.3	295.605	295.605	0.85
89	Axim	68	GH	99	4.87	-2.24	300.805	300.805	4.1
90	Shar	24	NG	62	7.3	8.73	302.38	302.38	6.5
91	Great Yarmouth	75	GB	93	52.61	1.73	277.15	277.15	1.0
92	Ugep	44	NG	94	5.81	8.08	297.505	297.505	3.3
93	Nicoya	0	CR	32	10.15	-85.45	308.15	308.15	5.1
94	Rantoul	90	US	74	40.31	-88.16	275.15	273.07	5.7
95	Gorom-Gorom	0	BF	22	14.45	-0.24	301.055	301.055	4.75
96	Rivers	5	CA	62	50.03	-100.23	267.15	267.15	8.7
97	Zhenlai	8	CN	45	45.84	123.2	284.205	284.205	4.8
98	Manadhoo	68	MV	100	5.77	73.38	301.83	301.83	2.95
99	Gardone Val Trompia	0	IT	30	45.69	10.18	286.15	285.19	3.6
100	Eisenberg	75	DE	74	50.97	11.9	276.15	275.64	4.6
101	Puerto Ayora	20	EC	69	-0.74	-90.35	301.15	301.15	6.2
102	Kidal	88	ML	23	18.44	1.41	298.455	298.455	3.1
103	Namwala	0	ZM	87	-15.75	26.45	293.105	293.105	4.8
104	Kiyevskoye	0	RU	50	45.04	37.89	287.15	287.15	6.0
105	San Policarpo	64	PH	100	12.18	125.51	297.855	297.855	3.5
106	Ayagoz	0	KZ	79	47.96	80.43	262.48	262.48	4.3
107	Skive	0	DK	79	56.57	9.03	271.15	271.15	2.1
108	Ubinskoye	0	RU	76	55.31	79.68	259.73	259.73	2.8
109	Gebre Guracha	92	ET	47	9.8	38.4	290.08	290.08	0.4
110	Castlerea	90	IE	69	53.77	-8.49	277.15	277.15	6.7
111	Shibetsu	0	JP	79	44.15	142.46	268.305	268.305	0.95
112	Keokuk	75	US	92	40.4	-91.39	271.15	269.66	3.1
113	Siocon	64	PH	100	11.03	124.04	299.73	299.73	3.75
114	Port Blair	80	IN	100	11.67	92.75	301.305	301.305	4.8
115	Zaysan	0	KZ	80	47.47	84.87	261.88	261.88	1.6
116	Zlitan	24	LY	93	32.47	14.57	285.63	285.63	2.75
117	Iberia	68	PE	79	-11.41	-69.49	300.455	300.455	1.35
118	Karlsruhe	40	DE	75	49.01	8.4	280.15	280.15	3.1
119	Pisco	0	PE	78	-13.71	-76.2	297.15	297.15	4.1
120	Sioux Lookout	90	CA	79	50.1	-91.92	269.15	267.87	4.1
121	Takoradi	56	GH	100	4.89	-1.75	300.155	300.155	3.65
122	Airai	0	TL	86	-8.93	125.41	291.48	291.48	0.4
123	Port Hawkesbury	90	CA	75	45.62	-61.36	280.15	280.15	9.3
124	Saint-Pierre	0	FR	86	48.95	4.24	277.15	277.15	3.6
125	Saint-Philippe	75	CA	43	45.36	-73.48	275.15	274.9	9.8
126	Quelimane	20	MZ	83	-17.88	36.89	299.15	299.15	1.5
127	Betsiamites	90	CA	64	48.94	-68.65	275.15	274.64	8.7
128	Rzhev	92	RU	94	56.26	34.33	276.105	276.105	9.15
129	Amazar	44	RU	47	53.86	120.88	265.58	265.58	4.55
130	Mongo	12	CF	70	4.83	22.92	299.555	299.555	1.35
131	Verkhnevilyuysk	0	RU	69	63.45	120.31	259.38	259.38	2.75
132	Saint George	20	GR	53	39.45	22.34	284.15	284.15	4.1
133	Qaqortoq	0	GL	28	60.72	-46.03	279.15	279.15	16.5
134	Gushikawa	1	JP	77	26.35	127.87	294.15	292.87	2.6
135	Salinopolis	80	BR	100	-0.61	-47.36	299.63	299.63	4.1
136	Lahij	0	YE	88	13.06	44.88	290.055	290.055	0.85
137	Yantai	8	CN	83	37.53	121.39	281.805	281.805	6.6
138	Atar	44	MR	23	20.52	-13.05	296.005	296.005	1.65
139	Bedford	88	GB	80	52.14	-0.47	280.15	278.19	2.1
140	Tinos	0	GR	77	37.54	25.16	289.15	288.83	4.1
141	Divnogorsk	40	RU	67	55.96	92.38	267.15	267.15	4.0
142	Sarh	0	TD	31	9.14	18.39	306.15	306.15	2.7
143	Yatou	75	CM	88	3.63	9.81	301.15	301.15	1.5
144	Alexandroupoli	40	GR	67	40.85	25.88	288.15	288.15	3.1
145	Chapleau	75	CA	67	47.85	-83.4	266.15	266.15	3.1
146	Iqaluit	90	CA	84	63.75	-68.52	257.15	257.15	16.5
147	Hami	88	CN	53	42.84	93.51	283.655	283.655	5.45
148	Georgetown	40	GY	55	6.8	-58.16	305.15	305.15	6.2
149	Kununurra	0	AU	94	-15.77	128.74	296.15	296.15	2.1
150	el Prat de Llobregat	0	ES	76	41.32	2.1	286.15	285.63	2.6
151	Aksehir	0	TR	56	38.36	31.42	282.455	282.455	3.15
152	Umm Kaddadah	0	SD	16	13.6	26.69	294.38	294.38	5.2
153	Sibenik	44	HR	99	45.81	17.18	279.23	279.23	1.8
154	Paralia	20	GR	47	40.27	22.6	287.15	287.15	5.7
155	Nenjiang	100	CN	57	49.17	125.23	280.23	280.23	7.55
156	Orel-Izumrud	0	RU	47	43.46	39.92	288.15	288.15	6.0
157	Porto Torres	0	IT	61	40.84	8.4	283.15	283.15	2.1
158	Namibe	0	AO	100	-15.19	12.15	299.705	299.705	5.35
159	Mahbubabad	0	IN	82	17.62	80.02	295.58	295.58	4.15
160	Pedernales	92	EC	87	0.07	-80.05	298.88	298.88	3.4
161	Ayame	20	CI	96	5.61	-3.16	298.83	298.83	2.95
162	Banganapalle	44	IN	89	15.32	78.23	293.955	293.955	2.65
163	Tigzirt	12	DZ	58	36.57	4.2	280.23	280.23	0.8
164	Nanortalik	0	GL	100	60.14	-45.24	274.505	274.505	18.5
165	Cherbourg	68	AU	94	-26.29	151.95	292.98	292.98	3.75
166	Vievis	90	LT	93	54.77	24.82	277.15	277.15	3.1
167	Traverse City	40	US	50	44.76	-85.62	271.15	270.55	5.7
168	Trat	8	TH	100	12.25	102.51	298.155	298.155	1.15
169	Belle Fourche	1	US	64	44.67	-103.85	276.15	275.23	2.6
170	Guiglo	8	CI	88	6.55	-7.5	298.63	298.63	2.2
171	Mitchell	1	US	40	43.71	-98.03	275.15	275.15	5.7
172	Spas-Demensk	68	RU	94	54.41	34.03	275.48	275.48	6.85
173	Mao	20	DO	48	19.55	-71.08	303.15	302.13	4.6
174	Riyadh	75	SA	31	24.63	46.72	296.15	296.15	2.1
175	Sabancuy	0	MX	99	18.97	-91.18	299.63	299.63	4.3
176	Qinggang	0	CN	95	28.25	121.28	287.33	287.33	1.7
177	Talakan	64	RU	65	50.29	130.28	282.105	282.105	5.8
178	Artsyz	32	UA	79	46.0	29.43	282.705	282.705	5.05
179	Biltine	0	TD	22	14.53	20.93	295.805	295.805	4.1
180	Cabo San Lucas	5	MX	21	22.89	-109.91	303.15	302.24	3.6
181	Pleven	12	BG	75	43.41	24.62	280.305	280.305	5.7
182	Dauphin	75	CA	62	51.15	-100.04	266.15	266.15	12.3
183	Bilma	0	NE	31	18.69	12.92	291.505	291.505	2.05
184	Aizkraukle	92	LV	98	56.6	25.25	277.905	277.905	5.55
185	Granard	92	IE	82	53.78	-7.49	276.605	276.605	7.15
186	Pogaceaua	92	RO	80	46.68	24.3	280.15	278.48	6.7
187	Lubango	32	AO	97	-14.92	13.49	291.63	291.63	1.05
188	Saldanha	92	PT	58	41.42	-6.55	285.105	285.105	4.35
189	Butaritari	76	KI	96	3.07	172.79	302.005	302.005	6.6
190	Den Helder	90	NL	86	52.96	4.76	278.15	277.5	1.5
191	Boralday	90	KZ	92	43.36	76.86	272.15	272.15	3.0
192	Tongliao	8	CN	39	43.61	122.27	289.08	289.08	5.0
193	Huty	92	UA	86	50.13	35.35	276.505	276.505	8.5
194	Grajewo	92	PL	97	53.65	22.46	280.405	280.405	6.8
195	Batticaloa	0	LK	100	7.71	81.69	298.73	298.73	1.45
196	Juegang	20	CN	89	32.31	121.18	287.23	287.23	3.65
197	Beauchamps	75	FR	93	48.83	-1.36	281.15	281.15	6.2
198	Cayenne	80	GF	94	4.94	-52.33	299.15	299.15	3.1
199	Lokeren	0	BE	86	51.1	3.99	279.15	277.36	1.0
200	Chapais	90	CA	62	49.78	-74.86	266.15	266.15	7.2
201	Bam	0	IR	43	29.11	58.36	285.855	285.855	1.15
202	Timbuktu	36	ML	27	16.77	-3.01	301.23	301.23	1.2
203	Carnarvon	32	ZA	64	-30.97	22.13	288.805	288.805	1.3
204	Paamiut	0	GL	85	61.99	-49.67	274.48	274.48	0.85
205	Bambari	0	CF	82	5.77	20.68	297.355	297.355	1.2
206	Garnic	0	RO	81	44.79	21.79	281.15	281.15	1.5
207	Brookings	1	US	50	44.31	-96.8	273.15	271.42	5.7
208	Hvide Sande	0	DK	91	56.01	8.13	273.15	272.13	3.1
209	Sokoto	0	NG	25	13.06	5.24	300.13	300.13	4.2
210	Alangayam	48	IN	82	12.62	78.75	293.555	293.555	1.25
211	Ojinaga	76	US	9	29.56	-104.41	304.505	304.505	1.3
212	Olovyannaya	0	RU	38	50.94	115.59	264.505	264.505	6.5
213	Phangnga	40	TH	88	8.45	98.53	297.15	296.52	3.6
214	Carbondale	90	US	86	38.82	-95.69	271.15	270.34	5.1
215	Daoukro	32	CI	100	7.06	-3.97	296.055	296.055	1.4
216	Puri	88	ID	98	-7.54	112.45	295.08	295.08	1.05
217	Jinxi	12	CN	92	27.92	116.75	289.48	289.48	1.15
218	Kapuskasing	75	CA	35	49.42	-82.43	268.15	268.15	7.7
219	Baoding	0	CN	75	38.86	115.49	281.005	281.005	1.15
220	Geraldton	90	CA	49	49.72	-86.95	268.15	268.15	9.8
221	Gruia	32	RO	69	44.27	22.71	281.73	281.73	6.8
222	Viperesti	12	RO	49	45.23	26.47	282.955	282.955	5.55
223	Awjilah	20	LY	40	29.14	21.3	291.98	291.98	4.75
224	Port-Cartier	90	CA	79	50.03	-66.88	269.15	269.15	7.7
225	Veseloyarsk	0	RU	49	51.29	81.11	253.88	253.88	2.3
226	Kavos	20	GR	53	38.83	22.83	288.15	287.04	4.1
227	Terrace Bay	75	CA	53	48.78	-87.1	267.15	267.15	5.1
228	Tessalit	20	ML	22	20.2	1.01	297.58	297.58	2.1
229	Kirovskiy	44	RU	87	45.09	133.51	273.455	273.455	1.6
230	Saint-Jean-de-Maurienne	0	FR	86	45.28	6.35	277.15	277.15	0.6
231	Poronaysk	20	RU	72	49.22	143.1	264.955	264.955	1.5
232	Bayji	48	IQ	35	34.93	43.49	287.705	287.705	1.5
233	Izumo	20	JP	81	35.37	132.75	284.15	284.15	3.1
234	Yekepa	20	LR	95	7.58	-8.54	293.205	293.205	1.65
235	Yuli	0	NG	27	10.52	9.86	298.73	298.73	3.5
236	Port Hedland	44	AU	88	-20.31	118.58	300.15	300.15	2.1
237	Narragansett	1	US	66	41.45	-71.45	290.15	286.0	4.6
238	Bakloh	12	IN	54	32.47	75.92	284.455	284.455	0.75
239	Bressanone	0	IT	39	46.72	11.66	282.15	280.54	2.1
240	Shuiji	0	CN	92	27.42	118.34	286.555	286.555	0.85
241	Antofagasta	20	CL	53	-23.65	-70.4	295.15	295.15	5.7
242	Brebeni	0	RO	53	44.36	24.45	283.15	283.15	6.7
243	Tekeli	20	KZ	83	44.86	78.76	266.555	266.555	0.4
244	Hithadhoo	80	MV	99	-0.6	73.08	302.98	302.98	4.15
245	Santa Fe	36	AR	71	-31.62	-60.7	299.305	299.305	3.6
246	Ebbs	75	AT	86	47.63	12.22	277.15	277.15	3.6
247	Kostelec nad Cernymi Lesy	0	CZ	60	49.99	14.86	278.15	277.64	6.2
248	Georgiyevskoye	20	RU	52	44.16	39.25	285.155	285.155	2.75
249	Liptovsky Hradok	0	SK	64	49.04	19.72	280.15	278.26	13.9
250	Arlit	32	NE	26	18.74	7.39	295.88	295.88	2.1
251	Marzuq	0	YE	52	14.4	46.47	285.605	285.605	1.3
252	Kamyshevatskaya	24	RU	80	46.41	37.96	281.005	281.005	6.45
253	Stratford-upon-Avon	20	GB	86	52.19	-1.71	278.15	278.15	3.6
254	Sept-Iles	90	CA	79	50.2	-66.38	269.15	269.15	7.7
255	Shache	24	CN	43	38.42	77.24	286.055	286.055	3.95
256	Palkino	92	RU	100	57.54	28.01	274.15	274.15	5.0
257	Hermosillo	90	MX	11	29.09	-110.96	304.15	304.15	1.5
258	Thessalon	75	CA	58	46.26	-83.55	271.15	270.51	4.1
259	Tazmalt	0	DZ	81	36.39	4.4	284.15	284.15	2.6
260	Rafai	0	CF	72	4.95	23.92	298.505	298.505	2.6
261	Nola	56	CF	90	3.52	16.05	297.355	297.355	0.75
262	Paoua	12	CF	52	7.24	16.43	299.13	299.13	2.3
263	La Tuque	56	CA	46	47.44	-72.79	270.83	270.83	4.1
264	Thompson	75	CA	40	55.74	-97.86	254.15	254.15	5.1
265	Basco	90	US	85	40.33	-91.2	270.15	269.35	3.6
266	Lannion	75	FR	87	48.73	-3.46	283.15	282.4	6.2
267	Umarkot	0	PK	45	25.37	69.74	299.905	299.905	4.55
268	George	20	NG	94	6.63	3.35	301.15	301.15	1.5
269	Madang	8	PG	100	-5.21	145.81	296.705	296.705	1.95
270	San Carlos de Bariloche	0	AR	19	-41.13	-71.31	295.15	295.15	1.5
271	Alihe	68	CN	60	50.57	123.73	272.955	272.955	5.05
272	Gigmoto	68	PH	100	13.78	124.39	297.455	297.455	2.85
273	Barabinsk	0	RU	62	55.35	78.35	259.48	259.48	3.65
274	Melfi	0	IT	76	41.0	15.66	279.73	279.73	2.1
275	Altamont	1	CA	46	49.4	-98.5	272.15	272.15	8.7
276	Kavaratti	0	IN	100	10.57	72.64	301.905	301.905	1.3
277	Berwick	40	US	42	41.06	-76.25	285.15	283.83	4.6
278	Marsa Matruh	0	EG	77	31.35	27.25	289.15	289.15	3.6
279	Kunagota	32	HU	66	46.43	21.05	282.15	282.15	6.7
280	Anito	68	PH	100	12.45	125.29	299.705	299.705	4.2
281	Qixia	92	CN	94	37.31	120.83	282.355	282.355	3.1
282	Punuare	40	HN	38	14.75	-85.99	306.15	306.15	2.1
283	Zhengjiatun	0	CN	59	43.51	123.51	287.005	287.005	7.7
284	Aswan	0	EG	42	24.09	32.9	292.33	292.33	4.9
285	Taltal	0	CL	72	-25.41	-70.49	292.455	292.455	1.6
286	Paramonga	0	PE	96	-10.68	-77.82	294.23	294.23	2.95
287	Chegdomyn	92	RU	93	51.13	133.04	275.555	275.555	5.1
288	Akdagmadeni	12	TR	63	39.66	35.88	276.905	276.905	2.4
289	Villa del Rosario	90	CO	78	7.83	-72.47	298.15	297.64	0.8
290	Dibulla	75	CO	69	11.27	-73.31	301.15	301.15	7.2
291	Fiumicino	0	IT	76	41.77	12.23	285.15	283.79	2.6
292	Corn Island	64	NI	100	12.17	-83.04	299.13	299.13	2.15
293	Cam Ranh	12	VN	100	11.92	109.15	295.355	295.355	3.65
294	Lebu	75	ET	67	8.96	38.73	289.15	289.15	1.0
295	Ulkan	36	RU	65	57.24	107.32	264.305	264.305	2.85
296	Tarime	40	TZ	88	-1.35	34.38	294.15	294.15	1.45
297	Potenza	0	IT	76	40.64	15.8	279.73	279.73	2.1
298	Langres	0	FR	82	47.87	5.33	277.15	277.15	1.9
299	Riviere-au-Renard	40	CA	65	49.0	-64.4	278.15	278.15	4.6
300	Virginia Beach	75	US	31	36.85	-75.98	298.15	295.79	4.1
301	Mount Isa	0	AU	61	-20.73	139.49	298.15	298.15	2.6
302	Mubi	0	NG	29	10.27	13.26	298.655	298.655	2.85
303	Mujiayingzi	20	CN	58	42.12	118.78	284.655	284.655	5.0
304	Taitung	56	TW	100	22.76	121.15	289.63	289.63	2.8
305	Rikitea	0	PF	100	-23.12	-134.97	299.005	299.005	3.25
306	Jalingo	20	NG	24	10.3	10.93	302.63	302.63	4.35
307	Virovitica	44	HR	99	45.83	17.39	279.23	279.23	1.8
308	Babanka	48	UA	88	48.71	30.45	282.155	282.155	7.25
309	Kaitong	0	CN	44	44.81	123.15	284.855	284.855	5.8
310	Filotas	0	GR	67	40.63	21.71	278.13	278.13	1.75
311	Ravensburg	20	DE	75	47.78	9.61	279.15	277.63	3.1
312	Akcakoca	92	TR	44	41.09	31.12	287.33	287.33	1.7
313	Sikonge	56	TZ	85	-5.63	32.75	292.13	292.13	1.3
314	Gazojak	0	TM	81	41.19	61.4	276.33	276.33	4.3
315	Reguengos de Monsaraz	20	PT	58	38.42	-7.53	288.15	288.15	2.6
316	Aqtobe	0	KZ	86	50.28	57.21	270.15	270.15	3.0
317	Koplik	90	AL	93	42.21	19.44	283.15	282.7	0.4
318	Kudat	75	MY	100	6.89	116.84	295.15	295.15	0.5
319	Taoudenni	8	ML	30	22.68	-3.98	295.58	295.58	1.2
320	Agadir	75	MA	72	30.42	-9.58	290.15	290.15	3.1
321	Provideniya	76	RU	97	64.42	-173.23	271.88	271.88	2.1
322	Mecca	0	SA	51	21.43	39.83	303.15	303.15	1.3
323	Diu	8	IN	88	20.71	70.98	293.13	293.13	1.85
324	Adrar	40	DZ	14	27.87	-0.29	300.15	300.15	6.2
325	Acajutla	0	SV	63	13.59	-89.83	306.15	305.55	6.2
326	Moron	75	VE	62	10.49	-68.2	304.15	303.69	3.1
327	Central Islip	90	US	50	40.79	-73.2	287.15	285.95	6.7
328	Xifeng	0	CN	65	42.73	124.72	285.355	285.355	6.0
329	Boueni	0	YT	78	-12.9	45.08	300.15	300.15	2.6
330	Balkhash	0	KZ	78	46.84	74.98	268.48	268.48	1.1
331	Aldan	80	RU	68	58.61	125.39	262.355	262.355	4.55
332	Abay	0	KZ	91	49.63	72.87	257.15	257.15	3.0
333	Serik	40	TR	87	36.92	31.1	287.15	287.15	2.1
334	Tweed	75	CA	40	44.48	-77.31	275.15	275.15	6.7
335	Baruun-Urt	88	MN	67	46.68	113.28	268.455	268.455	5.7
336	Patos	56	BR	84	-7.03	-37.28	296.48	296.48	2.85
337	Marsh Harbour	48	BS	100	26.54	-77.06	296.005	296.005	5.8
338	Bondeno	0	IT	54	44.89	11.41	285.15	285.15	3.1
339	Huanren	8	CN	86	41.26	125.37	281.23	281.23	2.9
340	The Hammocks	1	US	48	25.67	-80.44	301.15	300.86	7.2
341	Visby	92	SE	86	57.64	18.3	274.15	274.15	7.2
342	Surbo	0	IT	93	40.4	18.13	285.15	283.86	1.0
343	Quartucciu	0	IT	71	39.25	9.18	284.15	283.16	4.1
344	Nikolskoye	0	RU	69	59.7	30.79	275.15	275.15	7.0
345	Victoria	75	BN	94	5.28	115.24	298.15	297.71	1.5
346	Stephenville	75	US	56	32.22	-98.2	299.15	295.14	3.1
347	Leua	44	AO	86	-11.65	20.45	293.23	293.23	1.35
348	Wanning	75	AT	80	48.64	13.53	278.15	278.15	4.1
349	Lima	24	PE	66	-12.06	-77.04	293.83	293.83	1.15
350	Santa Cruz	1	US	68	36.97	-122.03	296.15	293.59	3.1
351	Bagotville	92	AU	100	-28.98	153.42	295.63	295.63	3.0
352	Isiolo	12	KE	88	0.35	37.58	292.48	292.48	1.55
353	Dabakala	8	CI	69	8.36	-4.43	299.855	299.855	0.5
354	Dicabisagan	92	PH	100	17.08	122.42	295.155	295.155	2.55
355	Romanovskaya	0	RU	81	47.54	42.02	280.255	280.255	6.7
356	Kudowa-Zdroj	0	PL	64	50.44	16.24	277.15	277.15	4.6
357	Longuenesse	90	FR	81	50.74	2.25	279.15	278.65	2.1
358	Am Timan	0	TD	33	11.04	20.28	296.83	296.83	2.5
359	Liverpool	75	GB	80	53.41	-2.98	278.15	277.81	5.7
360	Ostrowiec Swietokrzyski	88	PL	93	50.93	21.39	275.605	275.605	11.6
361	Codrington	100	AU	99	-28.95	153.24	292.33	292.33	1.5
362	Songea	75	TZ	88	-10.68	35.65	294.15	294.15	1.3
363	Kelvington	8	CA	88	52.16	-103.52	263.605	263.605	5.1
364	Zavodskoy	0	RU	81	43.1	44.65	273.705	273.705	0.85
365	Brewer	75	US	37	44.8	-68.76	283.15	282.57	7.2
366	Senneterre	75	CA	57	48.39	-77.24	267.15	267.15	2.6
367	Auch	0	FR	71	43.65	0.59	285.15	284.16	3.1
368	Tiffin	75	US	45	41.11	-83.18	280.15	279.4	4.6
369	Esperance	40	TT	48	10.24	-61.45	304.15	304.15	7.2
370	Babeni	44	RO	74	44.98	24.23	278.23	278.23	4.8
371	Canon City	0	US	15	39.46	-117.13	290.73	290.73	2.8
372	Meiganga	68	CM	86	6.52	14.29	293.355	293.355	1.05
373	Gondanglegi	88	ID	98	-7.75	112.01	295.08	295.08	1.05
374	Fontem	68	CM	97	5.49	9.85	291.08	291.08	1.15
375	Split	0	HR	81	43.51	16.44	280.15	280.15	2.1
376	Mettingen	0	DE	86	48.75	9.28	278.15	278.15	3.1
377	Sinnamary	88	GF	100	5.38	-52.96	298.905	298.905	3.7
378	Dubova	24	UA	94	49.95	28.63	280.23	280.23	7.0
379	Petrykiv	92	UA	100	49.53	25.58	275.63	275.63	8.35
380	Iwanai	0	JP	100	42.97	140.51	275.805	275.805	3.2
381	Tricase	0	IT	76	39.93	18.36	285.15	284.1	3.1
382	Djibo	0	BF	22	14.1	-1.63	301.405	301.405	3.9
383	Peterhead	75	AU	77	-34.83	138.5	290.15	290.15	5.1
384	Columbus	1	US	27	32.46	-84.99	300.15	299.15	2.6
385	Constantine	0	DZ	50	36.36	6.61	284.15	284.15	0.95
386	Horki	92	BY	93	54.29	30.98	277.455	277.455	9.9
387	Canelones	75	UY	78	-34.52	-56.28	295.15	295.15	6.7
388	Smoljan	32	ME	97	43.09	19.23	272.155	272.155	0.9
389	Slavicin	0	CZ	65	49.09	17.87	281.15	278.79	6.2
390	Redlands	75	US	31	34.06	-117.19	299.15	295.15	1.05
391	Langen	0	DE	80	53.61	8.6	276.15	275.2	3.6
392	Saint-Raymond	75	CA	48	46.89	-71.84	274.15	273.66	6.7
393	Carbonia	0	IT	93	39.17	8.53	283.15	282.67	2.6
394	Leh	76	IN	79	34.16	77.58	255.23	255.23	0.45
395	Duzce	92	TR	44	40.84	31.16	287.33	287.33	1.7
396	Baijiantan	88	CN	72	45.63	85.18	277.555	277.555	3.0
397	Tyn nad Vltavou	88	CZ	83	49.22	14.42	277.155	277.155	7.8
398	Valkeakoski	0	FI	79	61.26	24.03	271.15	271.15	1.0
399	Wilmington Island	1	US	50	32.0	-80.97	299.15	298.75	2.1
400	Kolaras	0	IN	66	25.22	77.61	289.905	289.905	1.25
401	Tolmezzo	0	IT	92	46.41	13.02	276.105	276.105	1.0
402	Tasiilaq	80	GL	73	65.61	-37.64	268.15	268.15	8.7
403	Sin-le-Noble	75	FR	75	50.36	3.11	279.15	278.8	0.5
404	Davila	0	PH	97	18.47	120.58	297.63	297.63	7.95
405	Grunberg	75	DE	81	50.59	8.96	280.15	277.85	4.6
406	Kafanchan	12	NG	28	9.58	8.3	299.305	299.305	3.1
407	Jingcheng	0	CN	88	24.58	117.5	293.15	293.15	1.0
408	Kingston	75	CA	40	44.23	-76.48	275.15	274.46	6.7
409	Sheridan	40	US	49	39.65	-105.03	283.15	280.15	0.45
410	Hopfgarten	0	DE	95	50.99	11.22	275.15	275.15	5.1
411	Evansville	40	US	65	37.97	-87.56	283.15	281.97	4.6
412	Rahuri	0	IN	52	19.39	74.65	295.58	295.58	3.0
413	Lazne Bohdanec	0	CZ	64	50.08	15.68	278.15	277.67	4.6
414	Le Portel	90	FR	81	50.71	1.57	279.15	279.15	2.1
415	Moerdijk	90	NL	100	51.7	4.63	278.15	276.33	0.5
416	Shihezi	92	CN	72	44.3	86.03	277.73	277.73	0.85
417	Severo-Kurilsk	56	RU	100	50.68	156.12	270.58	270.58	4.0
418	Broome	75	GB	93	52.47	1.45	278.15	277.59	1.0
419	Borovoy	0	RU	77	63.23	52.89	264.38	264.38	2.65
420	Albanel	75	CA	39	48.88	-72.44	272.15	272.15	10.3
421	Terekli-Mekteb	0	RU	84	44.16	45.87	278.805	278.805	6.8
422	Vinnytsya	0	UA	95	49.23	28.48	279.08	279.08	5.65
423	Dandong	92	CN	95	40.12	124.37	280.33	280.33	2.85
424	Salalah	0	OM	83	17.01	54.1	300.15	300.15	1.0
425	Bani	64	PH	100	15.89	120.27	295.58	295.58	2.0
426	Saint-Augustin	0	FR	58	44.83	-0.61	286.15	285.05	4.6
427	Xian	0	ES	62	42.76	-8.49	288.15	287.18	6.2
428	Biala Podlaska	92	PL	99	52.03	23.12	277.555	277.555	10.65
429	Moose Jaw	5	CA	67	50.4	-105.54	266.15	266.15	7.2
430	Umm Lajj	0	SA	100	25.02	37.27	292.83	292.83	1.05
431	Gazanjyk	64	TM	91	39.24	55.52	278.805	278.805	3.3
432	Yulara	0	AU	29	-25.24	130.99	297.15	297.15	4.6
433	Bastia	0	IT	71	44.6	8.98	285.15	285.15	1.0
434	Elizabeth City	1	US	27	36.3	-76.22	298.15	296.15	4.1
435	Abnub	0	EG	46	27.27	31.15	294.15	294.15	6.7
436	Valmiera	92	LV	96	57.54	25.42	274.305	274.305	8.9
437	Nailsea	90	GB	100	51.43	-2.76	277.15	276.5	5.7
438	Panshi	0	CN	66	42.94	126.05	283.805	283.805	6.15
439	Boone	75	US	38	36.22	-81.67	297.15	291.75	5.1
440	Fort Smith	90	US	100	35.39	-94.42	285.15	283.61	2.1
441	Hauterive	0	FR	73	46.09	3.45	281.15	280.11	0.5
442	Buraydah	75	SA	83	26.33	43.97	294.15	294.15	3.1
443	Magura	0	NG	28	12.46	6.59	298.955	298.955	3.4
444	Pavagada	44	IN	91	14.1	77.28	292.88	292.88	3.05
445	Masty	92	BY	98	53.42	24.54	282.105	282.105	3.75
446	Yashkul	0	RU	89	46.17	45.34	277.23	277.23	7.45
447	Great Falls	90	US	68	47.5	-111.29	269.15	267.3	4.1
448	Ashland	90	US	75	38.48	-82.64	283.15	281.81	1.5
449	Saint Albans	75	US	37	44.81	-73.08	277.15	275.75	4.1
450	San Quintin	36	PH	88	17.54	120.52	292.605	292.605	2.4
451	Tecoanapa	5	MX	78	16.99	-99.26	301.15	301.15	6.7
452	Baracoa	0	CU	99	20.35	-74.5	297.855	297.855	3.8
453	Troy	20	US	33	42.73	-73.69	279.15	277.79	8.2
454	Carsamba	0	TR	66	41.2	36.72	286.15	286.15	1.5
455	Plouzane	90	FR	100	48.38	-4.62	283.15	282.76	6.2
456	Eyl	100	SO	99	7.98	49.82	299.98	299.98	2.85
457	Qaracala	0	AZ	100	39.81	48.95	279.98	279.98	3.4
458	Gloversville	40	US	38	43.05	-74.34	279.15	278.5	9.3
459	Kodiak	90	US	92	39.95	-94.76	269.15	269.15	4.6
460	Smidovich	80	RU	72	48.6	133.81	278.63	278.63	3.5
461	Merrill	1	US	40	42.03	-121.6	286.15	286.15	8.2
462	Cape Town	0	ZA	77	-33.93	18.42	293.15	293.15	3.6
463	Ithaca	75	US	47	42.44	-76.5	279.15	277.17	4.6
464	Chernyshevskiy	64	RU	75	63.01	112.47	262.555	262.555	3.7
465	Matagami	12	NG	28	9.67	8.4	299.305	299.305	3.1
466	Ushtobe	12	KZ	74	45.25	77.98	265.255	265.255	2.15
467	Temiscaming	75	CA	58	46.72	-79.1	269.15	269.15	8.2
468	Bereznyky	92	UA	100	50.86	27.48	277.88	277.88	10.65
469	Kaputa	36	ZM	96	-8.47	29.66	291.505	291.505	1.05
470	Gryazi	88	RU	90	52.5	39.96	274.58	274.58	5.9
471	Kaniama	56	CD	96	-7.57	24.18	293.255	293.255	1.0
472	Genhe	0	CN	57	50.78	121.52	266.755	266.755	7.15
473	Bayangol	24	MN	52	48.91	106.09	261.755	261.755	2.4
474	Synevyr	92	UA	98	48.49	23.62	273.605	273.605	1.9
475	Lubliniec	90	PL	74	50.67	18.68	275.15	275.15	8.7
476	Tselina	12	RU	81	46.53	41.03	281.98	281.98	7.15
477	Giddalur	64	IN	97	15.38	78.93	293.73	293.73	1.0
478	Ginda	0	IN	56	30.69	78.49	280.755	280.755	1.1
479	Baherden	92	TM	86	38.44	57.43	280.605	280.605	2.65
480	Lampazos de Naranjo	8	MX	28	27.02	-100.51	306.505	306.505	2.4
481	Micheweni	80	TZ	100	-4.97	39.83	300.73	300.73	3.85
482	Merauke	92	ID	100	-8.49	140.4	297.755	297.755	2.75
483	Seoul	75	KR	93	37.57	126.98	289.15	286.2	2.1
484	Lowestoft	75	GB	93	52.48	1.75	278.15	277.87	1.0
485	Ustyuzhna	68	RU	87	58.84	36.43	271.405	271.405	4.95
486	Halifax	90	CA	93	44.65	-63.58	279.15	279.15	9.3
487	Hasaki	20	JP	93	35.73	140.83	284.15	282.9	1.0
488	Trapani	20	IT	93	38.02	12.54	287.15	286.26	4.6
489	Fandriana	88	MG	99	-20.24	47.38	289.755	289.755	1.3
490	Preobrazheniye	64	RU	99	42.9	133.91	272.13	272.13	0.5
491	Puerto Baquerizo Moreno	75	EC	74	-0.9	-89.6	301.15	301.15	6.2
492	Marshalltown	40	US	50	42.04	-92.91	273.15	271.55	3.1
493	San Patricio	80	PY	85	-26.98	-56.83	296.48	296.48	2.05
494	Ledec	0	CZ	64	49.97	15.59	278.15	277.65	4.6
495	Garden City	75	US	50	40.73	-73.63	287.15	286.23	6.2
496	Maur	0	IN	54	30.07	75.23	296.405	296.405	4.1
497	Dingle	76	PH	100	11.0	122.67	295.105	295.105	2.4
498	Erzin	0	TR	77	36.95	36.2	289.15	287.12	5.1
499	Krumovgrad	48	BG	61	41.47	25.65	283.405	283.405	3.9
500	Ilebo	8	CD	97	-4.33	20.59	297.63	297.63	1.0
501	Napanee	75	CA	40	44.25	-76.95	275.15	275.15	6.7
502	Ferrol	0	ES	51	43.48	-8.23	288.15	287.05	4.1
503	Shimoda	0	JP	100	34.7	138.93	289.23	289.23	3.3
504	Atikokan	68	CA	52	48.76	-91.62	268.105	268.105	4.95
505	Shenzhen	0	CN	68	22.54	114.05	295.15	294.52	1.5
506	Dongsheng	0	CN	97	29.72	112.52	289.605	289.605	2.55
507	Guisijan	24	PH	100	11.09	122.05	298.205	298.205	1.95
508	Danville	75	US	35	36.59	-79.4	297.15	295.01	3.1
509	Rudsar	40	IR	87	37.14	50.29	283.15	282.05	2.1
510	Bandarbeyla	64	SO	100	9.49	50.81	300.48	300.48	3.55
511	Duartina	64	BR	96	-22.41	-49.41	297.88	297.88	2.75
512	Pustoshka	92	RU	96	56.34	29.37	276.155	276.155	9.95
513	Komyshany	8	UA	91	46.64	32.5	281.23	281.23	3.75
514	Kahului	20	US	69	20.89	-156.47	300.15	298.08	3.1
515	Duisburg	75	DE	87	51.44	6.76	279.15	278.73	2.1
516	Brigantine	1	US	39	39.41	-74.36	292.15	290.74	6.2
517	Iquique	0	CL	64	-20.22	-70.14	295.15	295.15	4.6
518	Zhaozhou	12	CN	45	45.71	125.27	286.58	286.58	4.8
519	Tanout	0	NE	12	14.97	8.88	297.705	297.705	4.7
520	Garliava	90	LT	93	54.83	23.87	277.15	277.15	3.1
521	Analipsis	0	GR	67	35.32	25.57	290.15	290.15	7.2
522	Shelburne	90	CA	43	44.08	-80.2	276.15	274.83	4.6
523	Gamba	36	CN	78	28.28	88.52	259.88	259.88	1.1
524	Tevriz	68	RU	91	57.51	72.4	266.105	266.105	2.45
525	Katubao	0	PH	100	5.89	124.83	293.855	293.855	0.85
526	Alanya	0	TR	100	36.55	32.0	284.805	284.805	0.45
527	Biak	80	ID	100	-0.91	122.88	295.655	295.655	1.2
528	Simitli	68	BG	100	41.89	23.11	274.255	274.255	0.9
529	Turukhansk	68	RU	71	65.8	87.96	255.955	255.955	7.45
530	Khachrod	0	IN	42	23.42	75.28	291.38	291.38	1.2
531	Parfino	92	RU	85	57.97	31.65	274.755	274.755	7.4
532	Betare Oya	8	CM	94	5.6	14.08	294.955	294.955	0.95
533	Soskovo	76	RU	90	52.75	35.39	276.355	276.355	8.25
534	Xuddur	12	SO	91	4.12	43.89	293.505	293.505	1.25
535	Escazu	20	CR	34	9.92	-84.14	302.15	301.18	5.1
536	Turka	92	UA	93	49.16	23.03	274.13	274.13	5.2
537	Gambela	12	ET	85	8.25	34.59	289.155	289.155	1.1
538	Waddan	68	LY	43	29.16	16.14	290.48	290.48	5.9
539	Guarda	88	PT	68	40.54	-7.27	284.055	284.055	4.1
540	Portobelo	40	PA	31	9.55	-79.65	307.15	306.15	5.7
541	Perene	56	PE	92	-10.95	-75.23	294.955	294.955	0.65
542	Kislovodsk	90	RU	87	43.91	42.72	279.15	279.15	6.0
543	Torrelavega	0	ES	59	43.35	-4.05	289.15	289.15	3.1
544	Bolong	24	ID	100	-2.8	120.09	291.005	291.005	1.15
545	Moose Factory	40	CA	31	51.26	-80.61	267.15	267.15	6.7
546	Derzhavinsk	88	KZ	86	51.1	66.31	266.63	266.63	3.85
547	Fundata	88	RO	68	45.44	25.28	275.38	275.38	3.85
548	Makinsk	48	KZ	80	52.63	70.42	264.58	264.58	4.95
549	Stavelot	92	BE	93	50.39	5.93	278.15	277.21	0.5
550	Vestmanna	80	FO	80	62.16	-7.17	272.15	272.15	6.2
551	Pakokku	8	MM	90	21.33	95.09	292.505	292.505	1.15
552	Sur	0	OM	83	22.57	59.53	299.955	299.955	1.2
553	Kirkuk	32	IQ	59	35.47	44.4	284.88	284.88	1.5
554	Stari Bohorodchany	75	UA	86	48.84	24.53	277.15	277.15	4.0
555	Frutal	24	BR	80	-20.02	-48.93	298.705	298.705	1.15
556	Carndonagh	20	IE	80	55.25	-7.27	277.15	277.15	3.1
557	Manuel Roxas	0	PH	100	6.68	126.09	300.555	300.555	1.65
558	Donskoye	0	RU	93	45.45	41.98	277.15	277.15	5.0
559	Renfrew	64	GB	64	55.88	-4.39	278.15	277.09	2.6
560	San Pedro	48	AR	53	-33.68	-59.66	297.505	297.505	8.95
561	Mpika	56	ZM	93	-11.84	31.4	290.605	290.605	4.8
562	Wuwei	0	CN	46	37.93	102.64	275.505	275.505	2.55
563	Voka	92	EE	88	59.41	27.59	274.73	274.73	6.45
564	Aleksandrov Gay	8	RU	87	50.14	48.57	272.63	272.63	6.1
565	Jurm	56	AF	93	36.86	70.83	273.305	273.305	0.75
566	Garlasco	0	IT	30	45.2	8.92	287.15	286.13	3.1
567	Ancud	0	CL	68	-41.87	-73.83	291.005	291.005	2.05
568	Bathsheba	20	BB	74	13.22	-59.52	300.15	300.15	4.1
569	Porto Velho	40	BR	70	-8.75	-63.87	302.15	302.15	1.0
570	Kunya	0	NG	21	12.22	8.53	302.15	302.15	2.4
571	Kaduqli	32	SD	31	11.01	29.72	300.755	300.755	2.85
572	Effium	20	NG	62	6.63	8.06	305.15	305.15	2.1
573	Sorong	44	ID	100	-0.86	131.25	299.48	299.48	2.6
574	Progreso	75	UY	78	-34.68	-56.22	295.15	295.15	6.7
575	Puerto Escondido	20	MX	66	15.86	-97.07	302.15	302.15	5.1
576	Chulman	88	RU	58	56.84	124.9	261.555	261.555	7.25
577	Lesnoye	76	RU	89	51.57	42.77	274.88	274.88	5.7
578	Zhezkazgan	0	KZ	63	47.8	67.71	263.98	263.98	2.4
579	Lexington	90	US	70	38.05	-84.5	283.15	281.47	3.6
580	Willowmore	64	ZA	89	-33.3	23.49	286.205	286.205	1.1
581	Sunbury	1	US	25	40.86	-76.79	286.15	285.5	6.2
582	Beuningen	90	NL	80	51.86	5.77	279.15	277.13	1.5
583	Komsomolskiy	24	RU	76	67.55	63.78	253.405	253.405	2.55
584	Oum Hadjer	0	TD	26	13.3	19.7	297.605	297.605	3.65
585	Mto wa Mbu	92	TZ	100	-3.38	35.86	290.905	290.905	1.45
586	Gryazovets	36	RU	92	58.88	40.25	270.73	270.73	4.8
587	Arys	75	KZ	100	42.43	68.8	277.15	277.15	2.0
588	Kurumkan	36	RU	69	54.33	110.32	257.755	257.755	1.15
589	Sergeyevka	88	KZ	89	53.88	67.42	268.73	268.73	5.65
590	Maxixe	20	MZ	88	-23.86	35.35	297.15	297.15	3.75
591	Hargeysa	64	SO	85	9.56	44.06	289.88	289.88	1.35
592	Lipari	40	IT	67	38.47	14.95	287.15	287.15	2.1
593	Skovorodino	36	RU	47	53.99	123.94	268.005	268.005	6.1
594	Arcachon	0	FR	71	44.65	-1.18	286.15	285.21	2.6
595	Soyo	76	AO	93	-6.13	12.37	298.98	298.98	0.95
596	Monaco-Ville	0	FR	54	43.73	7.42	285.15	283.78	2.1
597	Celestun	0	MX	97	20.87	-90.4	298.905	298.905	5.2
598	Blagodatnoye	68	RU	84	51.57	35.54	276.055	276.055	9.1
599	Nerchinskiy Zavod	0	RU	38	51.31	119.61	265.905	265.905	5.1
600	Mastic Beach	40	US	48	40.77	-72.85	289.15	286.27	7.2
601	Rincon	40	US	29	32.3	-81.24	300.15	299.01	1.5
602	Arauca	40	VE	39	7.08	-70.76	308.15	308.15	3.6
603	Braniewo	92	PL	100	54.38	19.82	276.105	276.105	9.25
604	Custoias	92	PT	63	41.11	-7.32	284.38	284.38	2.8
605	Wiarton	75	CA	50	44.74	-81.13	271.15	271.15	5.1
606	Masallatah	20	LY	78	32.62	14.0	283.73	283.73	2.15
607	Valea Ursului	20	RO	57	46.8	27.08	284.15	283.62	5.1
608	Lillooet	1	CA	56	50.69	-121.94	281.15	281.15	13.4
609	Ostersund	0	SE	68	63.18	14.64	269.15	269.15	1.5
610	Greeley	1	US	52	40.42	-104.71	281.15	278.44	3.1
611	Walvis Bay	0	NA	77	-22.95	14.51	290.15	290.15	3.6
612	Jining	0	CN	89	35.41	116.58	287.455	287.455	3.95
613	Morant Bay	40	JM	74	17.88	-76.41	300.15	300.15	6.7
614	Traunstein	75	DE	86	47.87	12.64	277.15	277.15	3.6
615	Canelli	0	IT	71	44.72	8.29	285.15	284.47	1.0
616	Cartagena	0	ES	77	37.63	-1.0	288.15	288.15	4.1
617	Petelea	92	RO	80	46.73	24.71	280.15	279.23	6.7
618	Chambas	40	CU	65	22.19	-78.91	300.15	300.15	6.7
619	Severobaykalsk	48	RU	69	55.65	109.32	259.405	259.405	1.35
620	Seaforth	75	AU	88	-20.9	148.96	299.15	298.03	13.9
621	Challans	0	FR	81	46.85	-1.88	283.15	283.15	4.1
622	Sioux City	40	US	34	42.5	-96.41	274.15	273.63	2.6
623	Nishihara	1	JP	81	35.74	139.53	288.15	286.42	1.65
624	Haverfordwest	92	GB	93	51.8	-4.97	277.15	277.15	5.1
625	Sabang	80	PH	100	13.72	123.58	297.055	297.055	1.2
626	Diffa	0	NE	27	13.32	12.61	298.73	298.73	3.4
627	Gappal	92	PH	99	16.84	121.82	294.38	294.38	1.3
628	Xilagani	40	GR	54	40.98	25.42	288.15	287.69	5.1
629	Voznesenskoye	92	RU	96	54.89	42.76	274.83	274.83	3.0
630	Paraiso	20	MX	11	24.01	-104.61	300.15	300.15	4.6
631	Burgos	20	ES	62	42.34	-3.7	284.15	284.15	4.1
632	Lethem	92	GY	32	3.38	-59.8	307.13	307.13	6.2
633	Hailey	40	US	45	43.52	-114.32	282.15	282.15	4.6
634	Ippy	0	CF	75	6.26	21.2	297.73	297.73	1.3
635	Altay	0	CN	65	47.83	88.13	257.555	257.555	0.8
636	Mnogovershinnyy	32	RU	82	53.94	139.92	264.23	264.23	0.95
637	Mihai Bravu	0	RO	66	44.14	26.06	283.15	283.15	6.2
638	Soma	0	JP	81	37.8	140.92	283.48	283.48	2.9
639	Bridlington	40	GB	86	54.08	-0.19	277.15	277.15	4.1
640	Nuevo Progreso	1	US	43	26.05	-97.95	307.15	304.89	8.7
641	Hearst	76	CA	46	49.69	-83.67	265.552	265.552	3.56
642	Porto-Vecchio	0	FR	57	41.59	9.28	285.15	283.44	7.7
643	Cologno al Serio	0	IT	27	45.58	9.71	287.15	285.69	3.1
644	Pagudpud	0	PH	97	18.56	120.79	297.63	297.63	7.95
645	Ubala	12	YE	73	13.89	44.44	283.205	283.205	0.75
646	Liliw	20	PH	74	14.13	121.44	299.15	299.15	1.5
647	Aykhal	64	RU	66	65.95	111.51	254.255	254.255	1.65
648	Novovoronezh	0	RU	93	51.31	39.22	276.15	276.15	6.0
649	Jizan	0	SA	70	16.89	42.56	303.15	303.15	2.6
650	Barentu	0	ER	95	15.11	37.59	288.13	288.13	1.2
651	Escanaba	1	US	39	45.75	-87.06	271.15	271.15	6.7
652	Partenit	64	UA	88	44.58	34.34	282.955	282.955	0.9
653	Vitre	90	FR	93	48.12	-1.21	282.15	282.15	4.1
654	Sawakin	0	SD	65	19.1	37.33	299.15	299.15	2.6
655	Tikrit	44	IQ	39	34.62	43.68	286.705	286.705	1.3
656	Cedar City	1	US	10	37.68	-113.06	294.15	294.15	5.7
657	Cuenca	64	ES	56	40.07	-2.13	282.73	282.73	5.8
658	Sumkino	76	RU	89	58.11	68.32	267.655	267.655	2.55
659	Sarankhola	56	BD	87	22.31	89.79	296.305	296.305	1.25
660	Islamkot	0	PK	46	24.7	70.18	297.88	297.88	3.65
661	Weihai	76	CN	90	37.5	122.11	280.08	280.08	6.8
662	Aden	0	YE	98	12.79	45.03	299.58	299.58	4.55
663	Radenci	20	SI	69	46.64	16.04	282.15	281.26	1.5
664	Kamsack	1	CA	57	51.56	-101.9	265.15	265.15	7.2
665	Bull Savanna	48	JM	62	17.89	-77.59	298.855	298.855	1.55
666	Atuona	0	PF	100	-9.8	-139.03	300.805	300.805	6.15
667	Nantucket	1	US	62	41.28	-70.1	285.15	283.95	8.7
668	Garowe	24	SO	80	8.41	48.48	297.23	297.23	4.25
669	Robinson	90	US	56	39.01	-87.74	281.15	279.8	5.7
670	Roswell	1	US	31	33.39	-104.52	299.15	298.26	1.5
671	Maracaibo	75	CO	51	3.41	-75.78	302.15	302.15	1.5
672	Havre-Saint-Pierre	90	CA	92	50.23	-63.6	269.15	269.15	6.2
673	Kasongo-Lunda	20	CD	99	-6.48	16.82	295.405	295.405	1.15
674	New Kensington	1	US	39	40.57	-79.76	283.15	281.49	4.1
675	Saint Anthony	75	US	53	43.97	-111.68	284.15	281.13	7.7
676	Hambantota	32	LK	100	6.12	81.12	300.88	300.88	3.3
677	Shyryayeve	0	UA	83	47.38	30.2	282.555	282.555	6.1
678	Caravelas	0	BR	100	-17.73	-39.27	299.855	299.855	4.3
679	Artyom	90	RU	100	43.36	132.19	274.15	274.15	2.0
680	Nandu	32	CN	88	31.44	119.33	293.15	293.15	1.2
681	Greeneville	90	US	45	36.16	-82.83	291.15	291.15	2.1
682	Khani	0	GE	47	41.96	42.96	288.15	288.15	13.9
683	Alcudia	0	ES	81	39.85	3.12	283.15	283.15	1.0
684	Gorlice	88	PL	92	49.66	21.16	275.48	275.48	10.1
685	Samarai	0	PG	100	-10.62	150.67	301.83	301.83	6.25
686	Englewood	40	US	49	39.65	-104.99	283.15	280.15	0.45
687	Hohhot	0	CN	36	40.81	111.65	280.15	280.15	2.0
688	Sedan	88	FR	80	49.7	4.94	278.15	278.15	1.0
689	Siddapur	0	IN	96	13.66	74.91	292.63	292.63	1.05
690	Cabras	92	CO	93	5.5	-75.6	289.88	289.88	0.7
691	Malayal	44	PH	100	7.21	121.94	298.255	298.255	3.7
692	Meulaboh	64	ID	100	4.14	96.13	298.355	298.355	2.15
693	Kalengwa	36	ZM	75	-13.47	25.0	293.73	293.73	3.9
694	Guerrero Negro	0	MX	52	27.97	-114.04	294.755	294.755	4.45
695	Nam Som	76	TH	88	17.77	102.19	295.355	295.355	0.9
696	Andijan	92	UZ	100	40.76	72.37	283.48	283.48	1.0
697	Abalak	0	NE	21	15.46	6.28	297.005	297.005	3.75
698	Pueblo Bello	40	CO	69	8.2	-76.53	301.15	301.15	6.2
699	Makurdi	20	NG	51	7.73	8.54	304.13	304.13	6.7
700	Store Heddinge	32	DK	98	55.31	12.39	275.15	274.15	4.1
701	Abu Zabad	0	SD	22	12.35	29.25	295.655	295.655	4.3
702	Kumta	0	IN	100	14.42	74.4	297.63	297.63	2.4
703	Emirdag	0	TR	58	39.02	31.15	282.455	282.455	4.05
704	Lucea	40	JM	66	18.44	-78.17	302.15	302.15	8.2
705	Sapele	88	NG	99	5.89	5.68	296.88	296.88	0.95
706	Nicolas Bravo	20	MX	11	24.39	-104.74	300.15	300.15	4.6
707	Kyzyl-Suu	88	KG	100	42.34	78.0	274.605	274.605	3.05
708	Bato	36	PH	97	13.36	123.37	295.255	295.255	1.2
709	Madhipura	20	IN	81	25.92	86.78	294.155	294.155	1.95
710	Rodez	0	FR	65	44.35	2.57	279.15	278.78	2.6
711	Bud	40	NO	68	62.91	6.91	274.15	272.84	4.1
712	Roman	20	RO	57	46.92	26.93	284.15	283.63	5.1
713	Vaini	0	IN	88	15.34	74.49	292.055	292.055	1.05
714	Khorol	100	UA	99	49.78	33.27	281.155	281.155	8.05
715	Sayyan	76	YE	27	15.17	44.32	287.555	287.555	2.0
716	Ginir	8	ET	86	7.14	40.71	285.155	285.155	0.8
717	Chalons-en-Champagne	0	FR	86	48.95	4.37	277.15	277.15	3.6
718	Roxas	24	PH	100	10.32	119.34	298.855	298.855	3.3
719	Tiznit	76	MA	93	29.7	-9.73	288.455	288.455	1.1
720	Vrable	0	SK	65	48.24	18.31	281.15	281.15	6.2
721	Obo	48	CF	74	5.39	26.49	297.23	297.23	2.1
722	Ortisoara	0	RO	81	45.96	21.2	282.15	281.66	4.6
723	Bauchi	8	NG	37	10.31	9.85	297.105	297.105	2.65
724	Clyde River	90	CA	84	70.47	-68.59	260.15	260.15	9.3
